{"cameraMode":{"drawMode":0,"name":"Shaded","section":"Shading Mode"},"sceneLighting":false,"audioPlay":false,"sceneViewState":{"showFog":true,"showMaterialUpdate":false,"showSkybox":true,"showFlares":true,"showImageEffects":true,"showParticleSystems":true},"in2DMode":false,"pivot":{"x":-8.88925552368164,"y":-9.17138957977295,"z":-4.186498165130615},"rotation":{"x":0.15739931166172028,"y":-0.8277601599693298,"z":0.28520405292510989,"w":0.4568294882774353},"size":35.7027702331543,"orthographic":false}