{"cameraMode":{"drawMode":0,"name":"Shaded","section":"Shading Mode"},"sceneLighting":false,"audioPlay":false,"sceneViewState":{"showFog":true,"showMaterialUpdate":false,"showSkybox":true,"showFlares":true,"showImageEffects":true,"showParticleSystems":true},"in2DMode":false,"pivot":{"x":-0.5184677243232727,"y":-0.7135882377624512,"z":-1.9083493947982789},"rotation":{"x":0.3395770490169525,"y":-0.04090248420834541,"z":0.014784110710024834,"w":0.9395695328712463},"size":22.0,"orthographic":false}