{"cameraMode":{"drawMode":0,"name":"Shaded","section":"Shading Mode"},"sceneLighting":true,"audioPlay":false,"sceneViewState":{"showFog":true,"showMaterialUpdate":false,"showSkybox":true,"showFlares":true,"showImageEffects":true,"showParticleSystems":true},"in2DMode":false,"pivot":{"x":-21.20427894592285,"y":-2.3179221153259279,"z":-8.05601692199707},"rotation":{"x":0.044934507459402087,"y":-0.8233845829963684,"z":0.0658554956316948,"w":0.5618486404418945},"size":23.777347564697267,"orthographic":false}