{"cameraMode":{"drawMode":0,"name":"Shaded","section":"Shading Mode"},"sceneLighting":false,"audioPlay":false,"sceneViewState":{"showFog":true,"showMaterialUpdate":false,"showSkybox":true,"showFlares":true,"showImageEffects":true,"showParticleSystems":true},"in2DMode":false,"pivot":{"x":7.603478908538818,"y":-9.027990341186524,"z":7.427995204925537},"rotation":{"x":0.32401055097579958,"y":0.40460821986198428,"z":-0.1559138149023056,"w":0.8408309817314148},"size":22.0,"orthographic":false}