{"cameraMode":{"drawMode":0,"name":"Shaded","section":"Shading Mode"},"sceneLighting":true,"audioPlay":false,"sceneViewState":{"showFog":true,"showMaterialUpdate":false,"showSkybox":true,"showFlares":true,"showImageEffects":true,"showParticleSystems":true},"in2DMode":false,"pivot":{"x":9.588006973266602,"y":1.3179130554199219,"z":13.768523216247559},"rotation":{"x":-0.14382323622703553,"y":-0.39809420704841616,"z":0.063349649310112,"w":-0.9037903547286987},"size":15.500895500183106,"orthographic":true}