{"cameraMode":{"drawMode":0,"name":"Shaded","section":"Shading Mode"},"sceneLighting":true,"audioPlay":false,"sceneViewState":{"showFog":true,"showMaterialUpdate":false,"showSkybox":true,"showFlares":true,"showImageEffects":true,"showParticleSystems":true},"in2DMode":false,"pivot":{"x":-0.6324911117553711,"y":-0.3914618492126465,"z":-4.777385711669922},"rotation":{"x":-0.21015022695064546,"y":0.6263734698295593,"z":-0.1806655377149582,"w":-0.7285977602005005},"size":6.218052387237549,"orthographic":false}